14_163_1256	教育 > 职业教育 > 产品与运营
17_183_1248	动物 > 野生动物 > 熊猫
15_167_1141	才艺 > 手艺 > 花艺
11_147_1903	生活 > 休闲活动 > 抓娃娃
3_263_2216	游戏 > 大型多人在线游戏（MMO） > 魔兽世界
15_167_1959	才艺 > 手艺 > 面塑
4_114_2240	美妆 > 美发 > 植发
7_126_1063	运动 > 球类运动 > 高尔夫
13_158_1812	三农 > 养殖业 > 养鸡鸭鹅
5_121_1040	穿搭 > 搭配展示 > 鞋靴
2_109_1001	音乐 > 唱歌 > 田间演唱
27_220_1242	高新数码 > 科技数码产品 > 科技周边
16_179_1455	健康 > 看病治病 > 其他看病治病
11_150_2102	生活 > 婚礼 > 结婚现场
2_110_2258	音乐 > 乐器 > 马头琴
2_110_1265	音乐 > 乐器 > 架子鼓
16_179_1163	健康 > 看病治病 > 常见疾病
12_153_1460	美食 > 烹饪 > 菜肴
25_213_1981	亲子 > 孕产 > 产检
26_369_1885	摄影 > 人物摄影 > 写真
15_170_1157	才艺 > 表演 > 二人转
22_204_2300	财经 > 理财 > 市场动态与分析
2_109_1003	音乐 > 唱歌 > 自制音乐
15_321_1801	才艺 > 炫技 > 转打火机
4_114_2105	美妆 > 美发 > 剪发
2_110_2259	音乐 > 乐器 > 大提琴
14_163_1259	教育 > 职业教育 > 电脑软件
13_158_2204	三农 > 养殖业 > 其他养殖业
15_321_1862	才艺 > 炫技 > 弹弓
14_163_2350	教育 > 职业教育 > 消防工程师
3_271_1339	游戏 > 吃鸡游戏 > 荒野行动
14_161_1125	教育 > 语言教育 > 法语
5_121_1039	穿搭 > 搭配展示 > 箱包
1879_1879_1879	口技 > 口技 > 口技
39_123_2325	影视和短剧 > 短剧 > 高甜短剧
15_167_1958	才艺 > 手艺 > 泥塑
2_110_1266	音乐 > 乐器 > 手鼓
15_170_1159	才艺 > 表演 > 戏曲
7_126_1059	运动 > 球类运动 > 乒乓球
3_271_1337	游戏 > 吃鸡游戏 > 绝地求生
12_337_1853	美食 > 食材 > 果蔬
14_161_1126	教育 > 语言教育 > 俄语
15_319_1834	才艺 > 艺术设计 > 签名设计
3_269_2221	游戏 > 音乐游戏 > QQ炫舞
38_316_1818	读书 > 阅读 > 小说
3_431_2209	游戏 > 冒险游戏 > 荒野乱斗
7_129_1052	运动 > 水上运动 > 潜水
15_321_1880	才艺 > 炫技 > 绝技
39_123_2324	影视和短剧 > 短剧 > 恋爱短剧
36_373_2317	房产家居 > 家居家饰 > 家纺
7_593_2284	运动 > 竞技体育 > 冰球
15_167_1964	才艺 > 手艺 > 年画
3_264_2236	游戏 > 枪战射击 > 生死狙击
18_253_1972	汽车 > 养护维修 > 养车
27_220_1238	高新数码 > 科技数码产品 > 电脑
18_252_1969	汽车 > 汽车买卖 > 二手车
7_129_2274	运动 > 水上运动 > 赛艇皮划艇
15_321_1882	才艺 > 炫技 > 魔方
25_214_2208	亲子 > 育儿 > 婴幼儿辅食
2_110_2256	音乐 > 乐器 > 拇指琴
11_150_2100	生活 > 婚礼 > 婚纱照
14_163_1137	教育 > 职业教育 > 计算机等级
7_133_1073	运动 > 街头运动 > 轮滑
18_399_2357	汽车 > 汽车赛事 > 摩托车赛事
2_110_2341	音乐 > 乐器 > DJ乐器
13_158_1810	三农 > 养殖业 > 养牛羊
14_163_1252	教育 > 职业教育 > 律师资格
15_167_1841	才艺 > 手艺 > 念珠制作
5_121_2205	穿搭 > 搭配展示 > 内衣
11_156_2200	生活 > 农民工 > 其他农民工
12_153_1106	美食 > 烹饪 > 烘焙
5_121_2206	穿搭 > 搭配展示 > 睡衣
22_204_1890	财经 > 理财 > 股市
7_133_1074	运动 > 街头运动 > 滑板
15_167_1828	才艺 > 手艺 > 手工花
15_168_1823	才艺 > 绘画 > 素描
17_183_1245	动物 > 野生动物 > 羊驼
16_179_1161	健康 > 看病治病 > 肿瘤癌症
25_214_1889	亲子 > 育儿 > 玩具短剧
3_431_2223	游戏 > 冒险游戏 > 方舟：生存进化
15_168_1152	才艺 > 绘画 > 简笔画
18_399_2358	汽车 > 汽车赛事 > 汽车赛事与拉力赛
11_150_2101	生活 > 婚礼 > 结婚布置
2_110_2109	音乐 > 乐器 > penbeat
12_153_1457	美食 > 烹饪 > 甜品
2_110_1271	音乐 > 乐器 > 葫芦丝
7_128_1064	运动 > 搏击运动 > 武术
27_220_1237	高新数码 > 科技数码产品 > 手机
5_121_1045	穿搭 > 搭配展示 > 童装
3_264_2239	游戏 > 枪战射击 > 王牌战士
3_431_2235	游戏 > 冒险游戏 > 洛克王国
11_147_1101	生活 > 休闲活动 > 赶海
20_368_2334	二次元 > 动画 > 动态漫
15_167_1147	才艺 > 手艺 > 锻造
3_264_1300	游戏 > 枪战射击 > 穿越火线
27_220_1239	高新数码 > 科技数码产品 > 相机
28_224_1854	资讯 > 时政资讯 > 国内时政
3_265_1308	游戏 > 对战卡牌类 > 炉石传说
3_267_1315	游戏 > 竞速游戏 > QQ飞车
12_153_1804	美食 > 烹饪 > 饮品
3_268_1319	游戏 > 沙盒游戏 > 我的世界
2_110_1262	音乐 > 乐器 > 钢琴
2_110_2305	音乐 > 乐器 > 琵琶
3_430_2229	游戏 > 回合 > 阴阳师
25_214_1454	亲子 > 育儿 > 儿童健康
3_431_2234	游戏 > 冒险游戏 > 逃跑吧少年
15_167_1966	才艺 > 手艺 > 漆器
39_123_2328	影视和短剧 > 短剧 > 魔幻短剧
25_213_1985	亲子 > 孕产 > 产后抑郁
20_195_1875	二次元 > 二次元装扮 > cosplay
7_128_1348	运动 > 搏击运动 > 格斗
17_183_1247	动物 > 野生动物 > 企鹅
11_386_2349	生活 > 职业生活 > 代驾司机
3_263_1294	游戏 > 大型多人在线游戏（MMO） > DNF
2_110_2306	音乐 > 乐器 > 单簧管
3_431_1323	游戏 > 冒险游戏 > 创造与魔法
14_163_1251	教育 > 职业教育 > 财会金融
17_183_1244	动物 > 野生动物 > 松鼠
15_167_1884	才艺 > 手艺 > 手帐
17_233_1172	动物 > 宠物 > 乌龟
11_147_2347	生活 > 休闲活动 > 卡丁车
1878_1878_1878	声优 > 声优 > 声优
7_130_1071	运动 > 极限运动 > 蹦极
18_253_1973	汽车 > 养护维修 > 汽车配件
27_220_1240	高新数码 > 科技数码产品 > 平衡车
3_431_2224	游戏 > 冒险游戏 > Sky光·遇
28_223_1830	资讯 > 社会资讯 > 社会事件
15_167_1800	才艺 > 手艺 > 钻石画
3_264_2215	游戏 > 枪战射击 > 逆战
7_126_2269	运动 > 球类运动 > 手球
4_114_2145	美妆 > 美发 > 染发烫发
3_111_2233	游戏 > 动作角色扮演游戏（ARPG） > 一人之下
15_167_1960	才艺 > 手艺 > 糖塑
2_110_1267	音乐 > 乐器 > 萨克斯
3_266_2212	游戏 > 棋牌游戏 > 象棋
3_272_1342	游戏 > 多人在线战术竞技游戏（MOBA） > 英雄联盟
2_110_2310	音乐 > 乐器 > 歌剧交响乐
2_109_2137	音乐 > 唱歌 > 音乐现场
11_386_2318	生活 > 职业生活 > 电力工人
20_367_1871	二次元 > 漫画 > 触漫
15_167_1963	才艺 > 手艺 > 皮影
25_235_1272	亲子 > 晒娃 > 4-12岁萌娃
11_147_1898	生活 > 休闲活动 > 养花
14_163_1253	教育 > 职业教育 > 人力资源
18_252_2207	汽车 > 汽车买卖 > 汽车租赁
15_319_1858	才艺 > 艺术设计 > 服装设计
22_204_2304	财经 > 理财 > 加密货币
17_233_1173	动物 > 宠物 > 宠物鸟
14_161_1121	教育 > 语言教育 > 英语
14_162_1131	教育 > 学业教育 > 幼儿教育
3_266_1310	游戏 > 棋牌游戏 > 斗地主
12_292_1463	美食 > 美食日常 > 饮食
13_157_1839	三农 > 种植业 > 农用机械
27_220_2311	高新数码 > 科技数码产品 > 平板电脑
20_314_1846	二次元 > 宅物潮玩 > 盲盒盲袋
13_158_1807	三农 > 养殖业 > 养猪
11_147_1906	生活 > 休闲活动 > 踢毽子
3_111_2226	游戏 > 动作角色扮演游戏（ARPG） > 崩坏3
20_195_1204	二次元 > 二次元装扮 > 汉服古风
2_109_1260	音乐 > 唱歌 > 二创音乐
2_109_1002	音乐 > 唱歌 > 室内演唱
3_272_1341	游戏 > 多人在线战术竞技游戏（MOBA） > 王者荣耀
14_163_1250	教育 > 职业教育 > 教师教职
7_593_2283	运动 > 竞技体育 > 冰壶
15_168_1153	才艺 > 绘画 > 手绘
7_125_1822	运动 > 健身 > 跳绳
12_153_1105	美食 > 烹饪 > 火锅
21_199_1820	历史 > 历史事件 > 外国史
15_169_1155	才艺 > 书法 > 硬笔
20_195_1206	二次元 > 二次元装扮 > JK与制服
3_431_2214	游戏 > 冒险游戏 > 猫和老鼠
15_170_1876	才艺 > 表演 > 模仿
11_147_1103	生活 > 休闲活动 > 迪厅夜店
14_161_1130	教育 > 语言教育 > 普通话
15_167_1452	才艺 > 手艺 > 软陶
36_373_2315	房产家居 > 家居家饰 > 生活电器
15_167_1145	才艺 > 手艺 > 刺绣
15_170_1158	才艺 > 表演 > 舞龙舞狮
15_167_1142	才艺 > 手艺 > 折纸
25_213_1983	亲子 > 孕产 > 月子期
14_162_1133	教育 > 学业教育 > 大学教育
3_432_2238	游戏 > 卡牌角色扮演游戏（卡牌RPG） > 明日方舟
11_156_1114	生活 > 农民工 > 机械工
17_183_1246	动物 > 野生动物 > 浣熊
18_254_1974	汽车 > 说车评车 > 汽车试验
14_161_1128	教育 > 语言教育 > 西班牙语
11_384_1936	生活 > 驾驶行业 > 卡车司机
14_161_1124	教育 > 语言教育 > 德语
14_163_1257	教育 > 职业教育 > 数据分析
3_430_2213	游戏 > 回合 > 航海王：燃烧意志
3_270_2227	游戏 > 休闲益智 > 消消乐
2_110_1273	音乐 > 乐器 > 唢呐
3_264_2211	游戏 > 枪战射击 > CS:GO
18_186_1968	汽车 > 汽车改装 > 性能改装
17_361_1979	动物 > 宠物医美 > 宠物医生
16_232_1524	健康 > 保健养生 > 其他保健养生
14_163_1254	教育 > 职业教育 > 建造工程
5_121_1043	穿搭 > 搭配展示 > 女装
38_316_1821	读书 > 阅读 > 图书
36_373_1895	房产家居 > 家居家饰 > 家私家具
7_126_1055	运动 > 球类运动 > 足球
14_163_1136	教育 > 职业教育 > 考事业编
3_270_1331	游戏 > 休闲益智 > 球球大作战
2_110_2260	音乐 > 乐器 > 芦笙
15_168_1149	才艺 > 绘画 > 国画
17_233_1171	动物 > 宠物 > 宠物鱼
3_270_2232	游戏 > 休闲益智 > 樱花校园模拟器
20_368_1872	二次元 > 动画 > 少儿动画
2_110_2262	音乐 > 乐器 > 电吹管
12_153_1456	美食 > 烹饪 > 小吃
16_232_1164	健康 > 保健养生 > 减肥
25_213_1982	亲子 > 孕产 > 胎教
3_265_2222	游戏 > 对战卡牌类 > 部落冲突：皇室战争
15_321_1868	才艺 > 炫技 > 摆牌
16_232_1988	健康 > 保健养生 > 经络按摩
7_129_1068	运动 > 水上运动 > 帆板
5_121_1042	穿搭 > 搭配展示 > 服饰
25_213_1984	亲子 > 孕产 > 产后恢复
3_430_2230	游戏 > 回合 > 大话西游
12_153_1458	美食 > 烹饪 > 面点
2_110_1274	音乐 > 乐器 > 虚拟乐器
5_121_1044	穿搭 > 搭配展示 > 男装
3_264_1301	游戏 > 枪战射击 > 守望先锋
3_270_2217	游戏 > 休闲益智 > 植物大战僵尸
7_130_1805	运动 > 极限运动 > 翼装飞行
11_147_1100	生活 > 休闲活动 > 钓鱼
17_184_1977	动物 > 爬虫飞虫 > 蛇
13_157_1802	三农 > 种植业 > 种田
15_167_1143	才艺 > 手艺 > 玩泥
22_204_1893	财经 > 理财 > 保险
22_204_2301	财经 > 理财 > 理财观与消费投资
14_163_2314	教育 > 职业教育 > 水电木工原理
16_232_2298	健康 > 保健养生 > 养生食疗与饮食禁忌
7_128_1066	运动 > 搏击运动 > 拳击
14_162_1132	教育 > 学业教育 > k12
38_329_1843	读书 > 听书 > 民间故事
18_186_1967	汽车 > 汽车改装 > 外观改装
15_168_1150	才艺 > 绘画 > 油画
7_128_2271	运动 > 搏击运动 > 相扑
22_204_2303	财经 > 理财 > 个税社保与储蓄
26_369_1886	摄影 > 人物摄影 > 街拍
28_223_1838	资讯 > 社会资讯 > 暖新闻
11_150_2104	生活 > 婚礼 > 婚礼经验分享
2_110_1264	音乐 > 乐器 > 尤克里里
7_129_2275	运动 > 水上运动 > 龙舟
15_167_1965	才艺 > 手艺 > 纸扎
39_123_2242	影视和短剧 > 短剧 > 虚拟人物短剧
18_252_1970	汽车 > 汽车买卖 > 新车
16_232_1167	健康 > 保健养生 > 睡眠
3_272_1344	游戏 > 多人在线战术竞技游戏（MOBA） > 云顶之弈
15_167_1836	才艺 > 手艺 > 平衡堆砌
7_593_2286	运动 > 竞技体育 > 举重
15_321_1881	才艺 > 炫技 > 转笔
14_161_1127	教育 > 语言教育 > 泰语
39_123_2329	影视和短剧 > 短剧 > 悬疑短剧
4_114_2251	美妆 > 美发 > 编发
2_110_1268	音乐 > 乐器 > 小提琴
36_373_1896	房产家居 > 家居家饰 > 装饰摆件
7_129_2276	运动 > 水上运动 > 跳水
11_150_2103	生活 > 婚礼 > 婚品
7_128_2332	运动 > 搏击运动 > 空手道
16_232_1166	健康 > 保健养生 > 脱发
17_233_1168	动物 > 宠物 > 猫
17_183_1249	动物 > 野生动物 > 刺猬
2_110_2342	音乐 > 乐器 > 箫
2_110_1270	音乐 > 乐器 > 古筝
12_292_1459	美食 > 美食日常 > 零食
2_109_1000	音乐 > 唱歌 > 街头演唱
14_163_1255	教育 > 职业教育 > 医师药师
7_126_1061	运动 > 球类运动 > 橄榄球
17_183_1976	动物 > 野生动物 > 老鼠
17_183_1183	动物 > 野生动物 > 猴子
2_110_1269	音乐 > 乐器 > 二胡
3_277_2333	游戏 > 电子竞技 > 游戏赛事
7_126_1062	运动 > 球类运动 > 网球
3_267_1316	游戏 > 竞速游戏 > 跑跑卡丁车
11_147_1102	生活 > 休闲活动 > 棋牌麻将
7_126_1058	运动 > 球类运动 > 排球
17_184_1978	动物 > 爬虫飞虫 > 蜥蜴
22_204_1892	财经 > 理财 > 基金
15_167_1957	才艺 > 手艺 > 染布
3_271_1338	游戏 > 吃鸡游戏 > 和平精英
25_214_1888	亲子 > 育儿 > 儿歌
2_110_2261	音乐 > 乐器 > 埙
7_129_1067	运动 > 水上运动 > 水上飞人
7_126_1056	运动 > 球类运动 > 篮球
12_337_1852	美食 > 食材 > 海鲜
7_125_1054	运动 > 健身 > 健身操
25_214_1986	亲子 > 育儿 > 新生儿
15_170_1160	才艺 > 表演 > 魔术
15_321_1867	才艺 > 炫技 > 彩虹圈
7_130_1070	运动 > 极限运动 > 跳伞
16_232_1165	健康 > 保健养生 > 采耳
3_111_2210	游戏 > 动作角色扮演游戏（ARPG） > 火影忍者
39_123_2322	影视和短剧 > 短剧 > 乡村短剧
28_224_1855	资讯 > 时政资讯 > 国际时政
38_329_1844	读书 > 听书 > 美文朗读
3_263_2218	游戏 > 大型多人在线游戏（MMO） > 天涯明月刀
17_361_1980	动物 > 宠物医美 > 宠物美容
7_130_1837	运动 > 极限运动 > 攀岩
2_110_2253	音乐 > 乐器 > 合奏
15_167_1144	才艺 > 手艺 > 雕刻
14_161_1122	教育 > 语言教育 > 日语
7_130_1831	运动 > 极限运动 > 自行车运动
15_168_1832	才艺 > 绘画 > 沙画
3_268_1322	游戏 > 沙盒游戏 > 第五人格
3_274_2220	游戏 > 体育游戏 > NBA
7_125_2265	运动 > 健身 > 健美
21_199_1803	历史 > 历史事件 > 中国史
2_110_2254	音乐 > 乐器 > 中国鼓
7_125_1051	运动 > 健身 > 健身训练
12_153_1863	美食 > 烹饪 > 厨师刀工
39_123_2320	影视和短剧 > 短剧 > 古风短剧
36_373_2316	房产家居 > 家居家饰 > 日用品
14_163_1817	教育 > 职业教育 > 心理咨询
17_183_1181	动物 > 野生动物 > 兔子
14_163_2352	教育 > 职业教育 > 焊工职业知识
15_170_1877	才艺 > 表演 > 杂技
7_129_2273	运动 > 水上运动 > 滑水冲浪
39_123_2321	影视和短剧 > 短剧 > 校园短剧
39_123_2319	影视和短剧 > 短剧 > 都市短剧
20_368_1873	二次元 > 动画 > 青少年动画
16_179_1162	健康 > 看病治病 > 两性健康
3_430_2219	游戏 > 回合 > 梦幻西游
2_110_2309	音乐 > 乐器 > 长笛
15_167_1827	才艺 > 手艺 > 手机壳diy
18_254_1975	汽车 > 说车评车 > 试驾体验
15_319_1869	才艺 > 艺术设计 > logo设计
3_270_1330	游戏 > 休闲益智 > 贪吃蛇大作战
7_126_1057	运动 > 球类运动 > 台球
25_214_1987	亲子 > 育儿 > 育儿健康知识
4_114_2106	美妆 > 美发 > 头发护理
15_168_1870	才艺 > 绘画 > 3D画
15_167_1826	才艺 > 手艺 > 首饰制作
18_253_1971	汽车 > 养护维修 > 修车
39_123_2331	影视和短剧 > 短剧 > 正能量短剧
12_153_1104	美食 > 烹饪 > 烧烤
28_223_1859	资讯 > 社会资讯 > 法制事件
25_213_1234	亲子 > 孕产 > 怀孕
7_389_2277	运动 > 休闲运动 > 柔力球
4_115_2340	美妆 > 护肤 > 男士护肤
7_133_1075	运动 > 街头运动 > 跑酷
7_593_2287	运动 > 竞技体育 > 赛马马术
15_168_1866	才艺 > 绘画 > 彩铅画
3_272_2225	游戏 > 多人在线战术竞技游戏（MOBA） > 决战平安京
14_162_1816	教育 > 学业教育 > 学业考试
3_431_1324	游戏 > 冒险游戏 > 元气骑士
14_161_1129	教育 > 语言教育 > 方言
14_163_1258	教育 > 职业教育 > 编程与开发
14_163_2351	教育 > 职业教育 > 3D建模
39_123_2323	影视和短剧 > 短剧 > 家庭短剧
15_167_1148	才艺 > 手艺 > 编织
27_222_2312	高新数码 > 前沿科技 > VR和全息投影
17_233_1170	动物 > 宠物 > 宠物鼠
3_271_2228	游戏 > 吃鸡游戏 > 堡垒之夜
11_147_2345	生活 > 休闲活动 > 剧本杀
7_126_2267	运动 > 球类运动 > 藤球
7_128_1065	运动 > 搏击运动 > 跆拳道
11_386_1947	生活 > 职业生活 > 海员
20_195_1205	二次元 > 二次元装扮 > lolita
39_123_2326	影视和短剧 > 短剧 > 友情短剧
15_167_1146	才艺 > 手艺 > 陶艺
7_126_1060	运动 > 球类运动 > 羽毛球
2_110_2252	音乐 > 乐器 > 口琴
17_183_1182	动物 > 野生动物 > 鱼
7_126_2268	运动 > 球类运动 > 曲棍球
3_266_1312	游戏 > 棋牌游戏 > 麻将
15_170_1156	才艺 > 表演 > 扭秧歌
3_263_2231	游戏 > 大型多人在线游戏（MMO） > 逆水寒
5_121_1041	穿搭 > 搭配展示 > 配饰
11_147_1905	生活 > 休闲活动 > 捕鱼
3_271_1340	游戏 > 吃鸡游戏 > 香肠派对
24_313_2128	星座命理 > 占卜命运 > 塔罗牌
12_337_1833	美食 > 食材 > 肉类
25_214_1236	亲子 > 育儿 > 早教幼教
3_268_1320	游戏 > 沙盒游戏 > 迷你世界
7_593_2285	运动 > 竞技体育 > 射箭
7_128_2270	运动 > 搏击运动 > 柔道
15_169_1154	才艺 > 书法 > 软笔
25_214_1887	亲子 > 育儿 > 亲子周边
15_167_1451	才艺 > 手艺 > 滴胶
7_593_2282	运动 > 竞技体育 > 击剑
2_110_2257	音乐 > 乐器 > 手碟
11_156_2201	生活 > 农民工 > 工程机械
13_157_2203	三农 > 种植业 > 其他种植业
2_110_1263	音乐 > 乐器 > 吉他
7_129_1069	运动 > 水上运动 > 游泳
2_110_2112	音乐 > 乐器 > 笛子
17_183_1464	动物 > 野生动物 > 鸟
3_431_1321	游戏 > 冒险游戏 > 明日之后
15_321_1883	才艺 > 炫技 > 悠悠球
25_213_1233	亲子 > 孕产 > 备孕
7_130_1850	运动 > 极限运动 > 滑翔伞
14_161_1123	教育 > 语言教育 > 韩语课
14_163_1135	教育 > 职业教育 > 考公务员
3_111_1286	游戏 > 动作角色扮演游戏（ARPG） > 超级马里奥
17_183_1243	动物 > 野生动物 > 考拉
3_271_2237	游戏 > 吃鸡游戏 > 王牌战争：文明重启
2_110_2307	音乐 > 乐器 > 手风琴
25_235_1231	亲子 > 晒娃 > 0-3岁萌宝
7_593_2288	运动 > 竞技体育 > 射击
22_204_1894	财经 > 理财 > 信用卡
1949_1949_1949	军人生活 > 军人生活 > 军人生活
7_125_1053	运动 > 健身 > 瑜伽
15_167_1349	才艺 > 手艺 > 剪纸
15_167_1819	才艺 > 手艺 > 橡皮章
17_233_1169	动物 > 宠物 > 狗
12_292_1461	美食 > 美食日常 > 烹调
11_386_1948	生活 > 职业生活 > 外卖员
7_389_2278	运动 > 休闲运动 > 响鞭
3_272_1409	游戏 > 多人在线战术竞技游戏（MOBA） > 王者模拟战
7_128_2272	运动 > 搏击运动 > 摔跤
11_147_1904	生活 > 休闲活动 > 品茶
1465_1465_1465	亲子用品 > 亲子用品 > 亲子用品
27_220_1241	高新数码 > 科技数码产品 > 其他数码
15_167_1961	才艺 > 手艺 > 糖画
11_147_2346	生活 > 休闲活动 > 彩票
7_389_1956	运动 > 休闲运动 > 休闲蹦床
11_386_2348	生活 > 职业生活 > 塔吊司机
24_313_2139	星座命理 > 占卜命运 > 易经
2_110_2308	音乐 > 乐器 > 双簧管
7_126_2266	运动 > 球类运动 > 棒垒球
18_399_2356	汽车 > 汽车赛事 > 方程式赛车
39_123_2330	影视和短剧 > 短剧 > 逆袭短剧
